area_id,component,improvement_area,current_score,target_score,gap,priority,complexity,timeframe_weeks,expected_impact,dependencies
IMP-001,Sarcasm Detection,Subtle Sarcasm Recognition,78,85,7,HIGH,MEDIUM-HIGH,3-4,Significant,"Cultural module updates"
IMP-002,Sarcasm Detection,Cultural Sarcasm Variations,71,80,9,HIGH,MEDIUM-HIGH,4-5,High,"Cultural reference database"
IMP-003,Contradiction Handling,Implied Contradictions,83,90,7,HIGH,MEDIUM-HIGH,3-4,Significant,"Context integration enhancements"
IMP-004,Memory System,Long-term Retention,73,85,12,HIGH,MEDIUM-HIGH,3-4,Critical,"None"
IMP-005,Multilingual,Non-Latin Script Processing,88,92,4,MEDIUM,MEDIUM,2-3,Moderate,"Script-specific preprocessing"
IMP-006,Temporal Reasoning,Future State Projection,78,85,7,MEDIUM,HIGH,4-6,Moderate,"Predictive modeling enhancements"
IMP-007,Ambiguity Detection,Cultural Register Adaptation,82,90,8,MEDIUM,MEDIUM,2-3,Significant,"Cultural module updates"
IMP-008,Observability,Debugging Efficiency,84,90,6,MEDIUM,MEDIUM,2-3,Moderate,"Visualization tooling"
IMP-009,Emotional Detection,Mixed Signal Resolution,79,85,6,MEDIUM,MEDIUM,2-3,Moderate,"Emotional context integration"
IMP-010,SynapticBus,Conflict Resolution,89,90,1,LOW,MEDIUM,1-2,Minor,"None"
IMP-011,Dynamic Routing,Adaptation Speed for Novel Patterns,85,90,5,MEDIUM,MEDIUM,2-3,Moderate,"Pattern recognition updates"
IMP-012,Parallel Reasoning,Resource Allocation Optimization,86,90,4,MEDIUM,MEDIUM-HIGH,3-4,Significant,"None"
IMP-013,Observability,Neural Component Visibility,76,85,9,HIGH,HIGH,4-6,Significant,"Architecture modifications"
IMP-014,Multilingual,Code-Switching with 3+ Languages,82,88,6,MEDIUM,MEDIUM-HIGH,3-5,Moderate,"Language boundary enhancements"
IMP-015,Ambiguity Detection,Clarification Strategy Quality,85,90,5,MEDIUM,MEDIUM,2-3,Moderate,"Dialog pattern improvements"
IMP-016,Contradiction Handling,Hypothetical Contradiction Handling,73,82,9,MEDIUM,HIGH,4-6,Moderate,"Hypothetical reasoning module"
IMP-017,Temporal Reasoning,Very Long Context (21+ days),64,75,11,MEDIUM,HIGH,5-7,Moderate,"Memory persistence architecture"
IMP-018,Modularity,Cross-Component Failure Recovery,78,85,7,MEDIUM,MEDIUM-HIGH,3-5,Significant,"Fault tolerance enhancements"
IMP-019,SynapticBus,Multi-hop Communication Efficiency,83,88,5,LOW,MEDIUM,2-3,Minor,"Message routing optimization"
IMP-020,Sarcasm Detection,Minimally Marked Inversions,76,82,6,MEDIUM,MEDIUM-HIGH,3-4,Moderate,"Contextual inference improvements"
IMP-021,Contradiction Handling,Contextual Implication Detection,76,85,9,HIGH,HIGH,4-6,Significant,"Pragmatic inference module"
IMP-022,Memory System,Information Prioritization,88,92,4,MEDIUM,MEDIUM,2-3,Moderate,"Relevance scoring algorithm"
IMP-023,Multilingual,Regional Variant Recognition,84,90,6,MEDIUM,MEDIUM-HIGH,3-4,Moderate,"Dialect classification module"
IMP-024,Temporal Reasoning,Temporal Reference Resolution,92,95,3,LOW,MEDIUM,2-3,Minor,"Reference clarification enhancements"
IMP-025,Observability,Performance Impact Reduction,87,92,5,MEDIUM,MEDIUM-HIGH,3-4,Significant,"Observability overhead optimization"
IMP-026,Dynamic Routing,Complex Dependency Handling,83,88,5,MEDIUM,MEDIUM,2-3,Moderate,"Dependency graph modeling"
IMP-027,Parallel Reasoning,Cross-Intent Coordination,85,90,5,MEDIUM,MEDIUM-HIGH,3-4,Moderate,"Coordination protocol updates"
IMP-028,Emotional Detection,Emotional Layering Detection,79,85,6,MEDIUM,MEDIUM-HIGH,3-4,Moderate,"Layered emotion modeling"
IMP-029,What-Breaks-First Testing,Failure Cascade Prediction,83,88,5,LOW,MEDIUM,2-3,Minor,"Predictive failure modeling"
IMP-030,Observability,Multi-level Granularity Control,81,88,7,MEDIUM,MEDIUM,2-3,Moderate,"Granularity interface enhancements"
